wr_id,cat,region,base_kw,title,has5,body_len
547,학교폭력,군산,학교폭력출석정지,군산 학교폭력출석정지 | 군산 학교폭력출석정지 처분을 받으면 수업과 시험은 어떻게 처리되나요?,1,2114
546,학교폭력,순천,학폭맞폭,순천 학폭맞폭 | 순천 먼저 폭행을 당한 뒤 대응한 경우에도 맞폭으로 처분될 수 있나요?,1,2013
545,성범죄,춘천,성범죄 압수수색,춘천 성범죄 압수수색 | 춘천 성범죄 사건으로 휴대폰 압수수색을 받으면 어떤 절차를 확인해야 하나요?,1,2183
544,성범죄,진주,미성년자성매매,진주 미성년자성매매 변호사 | 진주 상대방의 나이를 몰랐어도 미성년자성매매로 처벌될 수 있나요?,1,2172
543,성범죄,원주,성적목적공공장소침입,원주 성적목적공공장소침입 변호사 | 원주 화장실에 잘못 들어간 경우에도 성범죄 혐의를 받을 수 있나요?,1,2261
542,성범죄,의정부,불법촬영물소지,의정부 불법촬영물소지 변호사 | 의정부 다른 사람이 보낸 불법촬영물을 저장하면 소지죄가 성립할 수 있나요?,1,2174
541,형사,포항,감금죄,포항 감금죄 변호사 | 포항 상대방의 이동을 잠시 막은 경우에도 감금죄로 처벌될 수 있나요?,1,2182
540,형사,김천구미,사기방조,김천구미 사기방조 변호사 | 김천구미 계좌나 휴대폰을 빌려준 행위만으로 사기방조 혐의를 받을 수 있나요?,1,2266
539,형사,안양,증거인멸죄,안양 증거인멸죄 변호사 | 안양 수사 전에 휴대폰이나 자료를 삭제하면 증거인멸죄가 성립할 수 있나요?,1,2126
538,형사,평택,전기통신금융사기,평택 전기통신금융사기 변호사 | 평택 피해금이 입금된 계좌 명의자도 형사책임을 질 수 있나요?,1,2431
537,학교폭력,,학교폭력출석정지,학교폭력출석정지 | 학교폭력출석정지 처분을 받으면 수업과 시험은 어떻게 처리되나요?,1,2114
536,학교폭력,,학폭맞폭,학폭맞폭 | 먼저 폭행을 당한 뒤 대응한 경우에도 맞폭으로 처분될 수 있나요?,1,2013
535,성범죄,,성범죄 압수수색,성범죄 압수수색 | 성범죄 사건으로 휴대폰 압수수색을 받으면 어떤 절차를 확인해야 하나요?,1,2183
534,성범죄,,미성년자성매매,미성년자성매매 변호사 | 상대방의 나이를 몰랐어도 미성년자성매매로 처벌될 수 있나요?,1,2172
533,성범죄,,성적목적공공장소침입,성적목적공공장소침입 변호사 | 화장실에 잘못 들어간 경우에도 성범죄 혐의를 받을 수 있나요?,1,2261
532,성범죄,,불법촬영물소지,불법촬영물소지 변호사 | 다른 사람이 보낸 불법촬영물을 저장하면 소지죄가 성립할 수 있나요?,1,2174
531,형사,,감금죄,감금죄 변호사 | 상대방의 이동을 잠시 막은 경우에도 감금죄로 처벌될 수 있나요?,1,2182
530,형사,,사기방조,사기방조 변호사 | 계좌나 휴대폰을 빌려준 행위만으로 사기방조 혐의를 받을 수 있나요?,1,2266
529,형사,,증거인멸죄,증거인멸죄 변호사 | 수사 전에 휴대폰이나 자료를 삭제하면 증거인멸죄가 성립할 수 있나요?,1,2126
528,형사,,전기통신금융사기,전기통신금융사기 변호사 | 피해금이 입금된 계좌 명의자도 형사책임을 질 수 있나요?,1,2431
527,학교폭력,안산,학교폭력전학,안산 학교폭력전학 | 안산 학교폭력전학 처분을 받으면 어떤 절차로 다툴 수 있나요?,1,2360
526,학교폭력,전주,학폭위피해자,전주 학폭위피해자 | 전주 학폭위피해자로 출석할 때 피해 사실은 어떻게 정리해야 하나요?,1,2346
525,성범죄,천안,불법촬영 피의자,천안 불법촬영 피의자 | 천안 불법촬영 피의자로 조사받으면 휴대폰 제출 전에 무엇을 확인해야 하나요?,1,2440
524,성범죄,남양주,준강간 증거,남양주 준강간 증거 | 남양주 준강간 혐의에서 당시 대화 내역과 동선은 어떻게 활용되나요?,1,2369
523,성범죄,부천,강제추행 증거,부천 강제추행 증거 | 부천 강제추행 사건에서 CCTV가 없으면 어떤 증거가 중요하게 보이나요?,1,2311
522,성범죄,청주,성범죄 기소,청주 성범죄 기소 | 청주 성범죄 사건에서 기소 여부는 어떤 기준으로 결정되나요?,1,2395
521,형사,성남,사이버모욕죄,성남 사이버모욕죄 | 성남 온라인 댓글로 사이버모욕죄 고소를 당하면 어떻게 대응해야 하나요?,1,2360
520,형사,창원,보이스피싱 방조,창원 보이스피싱 방조 | 창원 보이스피싱 방조 혐의를 받으면 몰랐다는 주장을 어떻게 입증해야 하나요?,1,2467
519,형사,고양,횡령죄 합의,고양 횡령죄 합의 | 고양 횡령죄 사건에서 합의가 이루어지면 처벌 수위가 달라질 수 있나요?,1,2373
518,형사,수원,사기죄 기소유예,수원 사기죄 기소유예 | 수원 사기죄 기소유예를 받으려면 피해 회복이 얼마나 중요한가요?,1,2473
517,학교폭력,,학교폭력전학,학교폭력전학 | 학교폭력전학 처분을 받으면 어떤 절차로 다툴 수 있나요?,1,2360
516,학교폭력,,학폭위피해자,학폭위피해자 | 학폭위피해자로 출석할 때 피해 사실은 어떻게 정리해야 하나요?,1,2346
515,성범죄,,불법촬영 피의자,불법촬영 피의자 | 불법촬영 피의자로 조사받으면 휴대폰 제출 전에 무엇을 확인해야 하나요?,1,2440
514,성범죄,,준강간 증거,준강간 증거 | 준강간 혐의에서 당시 대화 내역과 동선은 어떻게 활용되나요?,1,2369
513,성범죄,,강제추행 증거,강제추행 증거 | 강제추행 사건에서 CCTV가 없으면 어떤 증거가 중요하게 보이나요?,1,2311
512,성범죄,,성범죄 기소,성범죄 기소 | 성범죄 사건에서 기소 여부는 어떤 기준으로 결정되나요?,1,2395
511,형사,,사이버모욕죄,사이버모욕죄 | 온라인 댓글로 사이버모욕죄 고소를 당하면 어떻게 대응해야 하나요?,1,2360
510,형사,,보이스피싱 방조,보이스피싱 방조 | 보이스피싱 방조 혐의를 받으면 몰랐다는 주장을 어떻게 입증해야 하나요?,1,2467
509,형사,,횡령죄 합의,횡령죄 합의 | 횡령죄 사건에서 합의가 이루어지면 처벌 수위가 달라질 수 있나요?,1,2373
508,형사,,사기죄 기소유예,사기죄 기소유예 | 사기죄 기소유예를 받으려면 피해 회복이 얼마나 중요한가요?,1,2473
503,학교폭력,울산,학교폭력피해보상,울산 학교폭력피해보상 | 울산 학교폭력피해보상은 치료비와 위자료까지 청구할 수 있나요?,1,2314
502,학교폭력,대전,학폭위가해자,대전 학폭위가해자 | 대전 학폭위가해자로 출석할 때 학생 진술은 어떻게 준비해야 하나요?,1,2324
501,성범죄,광주,통매음 고소대응,광주 통매음 고소대응 | 광주 통매음 고소대응은 대화 전체 맥락을 어떻게 정리해야 하나요?,1,2221
500,성범죄,대구,준강제추행 경찰조사,대구 준강제추행 경찰조사 | 대구 준강제추행 경찰조사에서는 당시 음주 정도를 어떻게 소명해야 하나요?,1,2404
499,성범죄,인천,강제추행,인천 강제추행 변호사 | 인천 강제추행 사건에서 목격자 진술은 어떻게 활용될 수 있나요?,1,2386
498,성범죄,부산,성범죄 피고소인,부산 성범죄 피고소인 | 부산 성범죄 피고소인이 되면 첫 조사 전 무엇을 준비해야 하나요?,1,2396
497,형사,서울,카톡 명예훼손,서울 카톡 명예훼손 | 서울 단체 카톡방에서 한 말도 명예훼손으로 고소될 수 있나요?,1,2281
496,형사,제주,전자금융거래법,제주 전자금융거래법 변호사 | 제주 계좌를 빌려준 사실만으로 전자금융거래법 위반이 될 수 있나요?,1,2418
495,형사,통영,사기죄 피의자,통영 사기죄 피의자 | 통영 사기죄 피의자로 조사받을 때 거래 경위는 어떻게 정리해야 하나요?,1,2517
494,형사,서산,유사수신,서산 유사수신 변호사 | 서산 원금 보장을 내세워 투자금을 모았다면 유사수신 혐의가 성립할 수 있나요?,1,2539
493,학교폭력,,학교폭력피해보상,학교폭력피해보상 | 학교폭력피해보상은 치료비와 위자료까지 청구할 수 있나요?,1,2314
492,학교폭력,,학폭위가해자,학폭위가해자 | 학폭위가해자로 출석할 때 학생 진술은 어떻게 준비해야 하나요?,1,2324
491,성범죄,,통매음 고소대응,통매음 고소대응 | 통매음 고소대응은 대화 전체 맥락을 어떻게 정리해야 하나요?,1,2221
490,성범죄,,준강제추행 경찰조사,준강제추행 경찰조사 | 준강제추행 경찰조사에서는 당시 음주 정도를 어떻게 소명해야 하나요?,1,2404
489,성범죄,,강제추행,강제추행 변호사 | 강제추행 사건에서 목격자 진술은 어떻게 활용될 수 있나요?,1,2386
488,성범죄,,성범죄 피고소인,성범죄 피고소인 | 성범죄 피고소인이 되면 첫 조사 전 무엇을 준비해야 하나요?,1,2396
487,형사,,카톡 명예훼손,카톡 명예훼손 | 단체 카톡방에서 한 말도 명예훼손으로 고소될 수 있나요?,1,2281
486,형사,,전자금융거래법,전자금융거래법 변호사 | 계좌를 빌려준 사실만으로 전자금융거래법 위반이 될 수 있나요?,1,2418
485,형사,,사기죄 피의자,사기죄 피의자 | 사기죄 피의자로 조사받을 때 거래 경위는 어떻게 정리해야 하나요?,1,2517
484,형사,,유사수신,유사수신 변호사 | 원금 보장을 내세워 투자금을 모았다면 유사수신 혐의가 성립할 수 있나요?,1,2539
483,학교폭력,강릉,학교폭력합의서,강릉 학교폭력합의서 | 강릉 학교폭력합의서를 작성할 때 재발 방지 문구도 넣어야 하나요?,1,2102
482,학교폭력,목포,학폭위행정소송,목포 학폭위행정소송 | 목포 학폭위행정소송은 행정심판과 어떤 차이가 있나요?,1,1925
481,성범죄,군산,불법촬영 처벌,군산 불법촬영 처벌 | 군산 불법촬영 처벌 수위는 촬영 횟수와 유포 여부에 따라 달라지나요?,1,1981
480,성범죄,순천,준강간 피의자,순천 준강간 피의자 | 순천 준강간 피의자로 조사받을 때 술자리 이후 정황은 어떻게 소명해야 하나요?,1,1902
479,성범죄,춘천,강제추행 조사,춘천 강제추행 조사 | 춘천 강제추행 조사를 앞두고 당시 접촉 경위는 어떻게 정리해야 하나요?,1,1801
478,성범죄,진주,성범죄 피고소,진주 성범죄 피고소 | 진주 성범죄 피고소 사실을 알게 되면 피해자와 연락해도 되나요?,1,1938
477,형사,원주,협박죄 고소,원주 협박죄 고소 | 원주 협박죄 고소를 당하면 실제 해악 고지가 있었는지가 중요한가요?,1,1957
476,형사,의정부,폭행죄 경찰조사,의정부 폭행죄 경찰조사 | 의정부 폭행죄 경찰조사에서는 CCTV와 진단서가 어떻게 판단되나요?,1,2107
475,형사,포항,사기죄 무혐의,포항 사기죄 무혐의 | 포항 사기죄 무혐의를 주장하려면 거래 당시 변제 의사를 어떻게 입증해야 하나요?,1,2344
474,형사,김천구미,범죄수익은닉규제법,김천구미 범죄수익은닉규제법 | 김천구미 범죄수익을 대신 보관하거나 송금하면 처벌될 수 있나요?,1,2463
473,학교폭력,,학교폭력합의서,학교폭력합의서 | 학교폭력합의서를 작성할 때 재발 방지 문구도 넣어야 하나요?,1,2102
472,학교폭력,,학폭위행정소송,학폭위행정소송 | 학폭위행정소송은 행정심판과 어떤 차이가 있나요?,1,1925
471,성범죄,,불법촬영 처벌,불법촬영 처벌 | 불법촬영 처벌 수위는 촬영 횟수와 유포 여부에 따라 달라지나요?,1,1981
470,성범죄,,준강간 피의자,준강간 피의자 | 준강간 피의자로 조사받을 때 술자리 이후 정황은 어떻게 소명해야 하나요?,1,1902
469,성범죄,,강제추행 조사,강제추행 조사 | 강제추행 조사를 앞두고 당시 접촉 경위는 어떻게 정리해야 하나요?,1,1801
468,성범죄,,성범죄 피고소,성범죄 피고소 | 성범죄 피고소 사실을 알게 되면 피해자와 연락해도 되나요?,1,1938
467,형사,,협박죄 고소,협박죄 고소 | 협박죄 고소를 당하면 실제 해악 고지가 있었는지가 중요한가요?,1,1957
466,형사,,폭행죄 경찰조사,폭행죄 경찰조사 | 폭행죄 경찰조사에서는 CCTV와 진단서가 어떻게 판단되나요?,1,2107
465,형사,,사기죄 무혐의,사기죄 무혐의 | 사기죄 무혐의를 주장하려면 거래 당시 변제 의사를 어떻게 입증해야 하나요?,1,2344
464,형사,,범죄수익은닉규제법,범죄수익은닉규제법 | 범죄수익을 대신 보관하거나 송금하면 처벌될 수 있나요?,1,2463
463,학교폭력,안양,학교폭력고소절차,안양 학교폭력고소절차 | 안양 학교폭력고소절차는 학폭위 절차와 별도로 진행될 수 있나요?,1,1822
462,학교폭력,평택,학폭위처분불복,평택 학폭위처분불복 | 평택 학폭위처분불복은 처분 통지를 받은 뒤 어떤 절차로 진행하나요?,1,1748
461,성범죄,안산,통매음 처벌,안산 통매음 처벌 | 안산 통매음 처벌 수위는 메시지 내용과 반복성에 따라 달라질 수 있나요?,1,1770
460,형사,전주,불법촬영 무혐의,전주 불법촬영 무혐의 | 전주 불법촬영 무혐의를 주장하려면 촬영 의도와 저장 여부가 중요하게 보이나요?,1,1790
459,성범죄,천안,강제추행 피의자,천안 강제추행 피의자 | 천안 강제추행 피의자로 조사받을 때 첫 진술에서 무엇을 조심해야 하나요?,1,1775
458,성범죄,남양주,성추행 무혐의,남양주 성추행 무혐의 | 남양주 성추행 무혐의를 주장하려면 당시 동선과 정황을 어떻게 입증해야 하나요?,1,1884
457,형사,부천,정보통신망법위반,부천 정보통신망법위반 | 부천 온라인 게시글이나 댓글이 정보통신망법위반으로 문제될 수 있나요?,1,1994
456,형사,청주,횡령죄 경찰조사,청주 횡령죄 경찰조사 | 청주 횡령죄 경찰조사를 앞두고 자금 사용 내역은 어떻게 정리해야 하나요?,1,1976
455,형사,성남,사기죄 고소,성남 사기죄 고소 | 성남 사기죄 고소를 당했을 때 변제 의사와 변제 능력은 어떻게 판단되나요?,1,2083
454,형사,창원,위증죄,창원 위증죄 변호사 | 창원 수사나 재판 과정에서 사실과 다르게 말하면 위증죄가 성립할 수 있나요?,1,2262
453,학교폭력,,학교폭력고소절차,학교폭력고소절차 | 학교폭력고소절차는 학폭위 절차와 별도로 진행될 수 있나요?,1,1822
452,학교폭력,,학폭위처분불복,학폭위처분불복 | 학폭위처분불복은 처분 통지를 받은 뒤 어떤 절차로 진행하나요?,1,1748
451,성범죄,,통매음 처벌,통매음 처벌 | 통매음 처벌 수위는 메시지 내용과 반복성에 따라 달라질 수 있나요?,1,1770
450,형사,,불법촬영 무혐의,불법촬영 무혐의 | 불법촬영 무혐의를 주장하려면 촬영 의도와 저장 여부가 중요하게 보이나요?,1,1790
449,성범죄,,강제추행 피의자,강제추행 피의자 | 강제추행 피의자로 조사받을 때 첫 진술에서 무엇을 조심해야 하나요?,1,1775
448,성범죄,,성추행 무혐의,성추행 무혐의 | 성추행 무혐의를 주장하려면 당시 동선과 정황을 어떻게 입증해야 하나요?,1,1884
447,형사,,정보통신망법위반,정보통신망법위반 | 온라인 게시글이나 댓글이 정보통신망법위반으로 문제될 수 있나요?,1,1994
446,형사,,횡령죄 경찰조사,횡령죄 경찰조사 | 횡령죄 경찰조사를 앞두고 자금 사용 내역은 어떻게 정리해야 하나요?,1,1976
445,형사,,사기죄 고소,사기죄 고소 | 사기죄 고소를 당했을 때 변제 의사와 변제 능력은 어떻게 판단되나요?,1,2083
444,형사,,위증죄,위증죄 변호사 | 수사나 재판 과정에서 사실과 다르게 말하면 위증죄가 성립할 수 있나요?,1,2262
443,학교폭력,고양,학교폭력항소,고양 학교폭력항소 | 고양 학교폭력항소는 1심 결과가 나온 뒤 언제까지 준비해야 하나요?,1,1856
442,학교폭력,수원,학폭위소송,수원 학폭위소송 | 수원 학폭위소송은 어떤 처분을 받았을 때 검토해야 하나요?,1,1778
441,성범죄,울산,준강제추행 처벌,울산 준강제추행 처벌 | 울산 준강제추행 처벌은 피해자의 심신상실 상태가 인정되면 무거워지나요?,1,1907
440,성범죄,대전,강제추행죄 처벌,대전 강제추행죄 처벌 | 대전 강제추행죄 처벌 수위는 합의 여부에 따라 달라질 수 있나요?,1,1942
439,성범죄,광주,아동청소년보호법 위반,광주 아동청소년보호법 위반 | 광주 아동청소년보호법 위반 혐의를 받으면 초기 대응이 왜 중요한가요?,1,1931
438,성범죄,대구,성범죄 무고,대구 성범죄 무고 | 대구 성범죄 무고를 주장하려면 어떤 증거가 필요하나요?,1,1818
437,형사,인천,보이스피싱 피해구제,인천 보이스피싱 피해구제 | 인천 보이스피싱 피해구제는 신고 후 어떤 절차로 진행되나요?,1,1911
436,형사,부산,업무상배임죄,부산 업무상배임죄 | 부산 회사 결정으로 손해가 발생하면 업무상배임죄가 문제될 수 있나요?,1,1893
435,형사,서울,공갈협박,서울 공갈협박 변호사 | 서울 금전 요구 과정에서 협박성 발언이 있었다면 공갈협박으로 처벌될 수 있나요?,1,2056
434,형사,제주,특정경제범죄가중처벌법,제주 특정경제범죄가중처벌법 | 제주 피해 금액이 크면 특정경제범죄가중처벌법이 적용될 수 있나요?,1,2250
433,학교폭력,,학교폭력항소,학교폭력항소 | 학교폭력항소는 1심 결과가 나온 뒤 언제까지 준비해야 하나요?,1,1856
432,학교폭력,,학폭위소송,학폭위소송 | 학폭위소송은 어떤 처분을 받았을 때 검토해야 하나요?,1,1778
431,성범죄,,준강제추행 처벌,준강제추행 처벌 | 준강제추행 처벌은 피해자의 심신상실 상태가 인정되면 무거워지나요?,1,1907
430,성범죄,,강제추행죄 처벌,강제추행죄 처벌 | 강제추행죄 처벌 수위는 합의 여부에 따라 달라질 수 있나요?,1,1942
429,성범죄,,아동청소년보호법 위반,아동청소년보호법 위반 | 아동청소년보호법 위반 혐의를 받으면 초기 대응이 왜 중요한가요?,1,1931
428,성범죄,,성범죄 무고,성범죄 무고 | 성범죄 무고를 주장하려면 어떤 증거가 필요하나요?,1,1818
427,형사,,보이스피싱 피해구제,보이스피싱 피해구제 | 보이스피싱 피해구제는 신고 후 어떤 절차로 진행되나요?,1,1911
426,형사,,업무상배임죄,업무상배임죄 | 회사 결정으로 손해가 발생하면 업무상배임죄가 문제될 수 있나요?,1,1893
425,형사,,공갈협박,공갈협박 변호사 | 금전 요구 과정에서 협박성 발언이 있었다면 공갈협박으로 처벌될 수 있나요?,1,2056
424,형사,,특정경제범죄가중처벌법,특정경제범죄가중처벌법 | 피해 금액이 크면 특정경제범죄가중처벌법이 적용될 수 있나요?,1,2250
423,학교폭력,통영,학교폭력재판,통영 학교폭력재판 | 통영 학교폭력재판까지 이어지는 경우는 어떤 상황인가요?,1,1798
422,학교폭력,서산,학폭위위원회,서산 학폭위위원회 | 서산 학폭위위원회에서는 학생 진술과 증거를 어떤 기준으로 판단하나요?,1,1848
421,성범죄,강릉,준강간 처벌,강릉 준강간 처벌 | 강릉 준강간 처벌은 피해자의 항거불능 상태가 인정되면 무거워질 수 있나요?,1,1915
420,성범죄,목포,강제추행 처벌,목포 강제추행 처벌 | 목포 강제추행 처벌 수위는 접촉 부위와 당시 상황에 따라 달라지나요?,1,1885
419,성범죄,군산,아청법위반,군산 아청법위반 | 군산 미성년자 관련 촬영물을 소지한 경우도 아청법위반으로 처벌될 수 있나요?,1,1935
418,성범죄,순천,성범죄전문,순천 성범죄전문변호사 | 순천 성범죄 사건은 왜 초기 진술이 결과에 크게 영향을 주나요?,0,1832
417,형사,춘천,사이버사기,춘천 사이버사기 변호사 | 춘천 온라인 거래 사기 혐의를 받으면 대화 내역이 중요한 증거가 되나요?,1,1842
416,형사,진주,대여금사기,진주 대여금사기 | 진주 빌린 돈을 갚지 못하면 모두 대여금사기로 고소될 수 있나요?,1,1905
415,형사,원주,유사수신행위,원주 유사수신행위 | 원주 원금 보장을 약속하고 투자금을 모으면 유사수신행위가 될 수 있나요?,1,2130
414,형사,의정부,자본시장법위반,의정부 자본시장법위반 | 의정부 허위 투자정보를 제공한 경우 자본시장법위반으로 처벌될 수 있나요?,1,2484
413,학교폭력,,학교폭력재판,학교폭력재판 | 학교폭력재판까지 이어지는 경우는 어떤 상황인가요?,1,1798
412,학교폭력,,학폭위위원회,학폭위위원회 | 학폭위위원회에서는 학생 진술과 증거를 어떤 기준으로 판단하나요?,1,1848
411,성범죄,,준강간 처벌,준강간 처벌 | 준강간 처벌은 피해자의 항거불능 상태가 인정되면 무거워질 수 있나요?,1,1915
410,성범죄,,강제추행 처벌,강제추행 처벌 | 강제추행 처벌 수위는 접촉 부위와 당시 상황에 따라 달라지나요?,1,1885
409,성범죄,,아청법위반,아청법위반 | 미성년자 관련 촬영물을 소지한 경우도 아청법위반으로 처벌될 수 있나요?,1,1935
408,성범죄,,성범죄전문,성범죄전문변호사 | 성범죄 사건은 왜 초기 진술이 결과에 크게 영향을 주나요?,0,1832
407,형사,,사이버사기,사이버사기 변호사 | 온라인 거래 사기 혐의를 받으면 대화 내역이 중요한 증거가 되나요?,1,1842
406,형사,,대여금사기,대여금사기 | 빌린 돈을 갚지 못하면 모두 대여금사기로 고소될 수 있나요?,1,1905
405,형사,,유사수신행위,유사수신행위 | 원금 보장을 약속하고 투자금을 모으면 유사수신행위가 될 수 있나요?,1,2130
404,형사,,자본시장법위반,자본시장법위반 | 허위 투자정보를 제공한 경우 자본시장법위반으로 처벌될 수 있나요?,1,2484
403,학교폭력,포항,학교폭력행정소송,포항 학교폭력행정소송 | 포항 학교폭력행정소송을 제기하면 처분 효력을 멈출 수 있나요?,1,2262
402,학교폭력,김천구미,학폭처벌수위,김천구미 학폭처벌수위 | 김천구미 학폭처벌수위는 피해 정도와 합의 여부에 따라 달라질 수 있나요?,1,2248
401,성범죄,안양,통매음,안양 통매음 변호사 | 안양 통매음 혐의에서 성적 의도가 없었다는 점은 어떻게 소명하나요?,1,2227
400,성범죄,평택,준강간 혐의,평택 준강간 혐의 | 평택 준강간 혐의에서 당시 술자리 정황은 어떻게 입증해야 하나요?,1,2306
399,성범죄,안산,강제추행 고소,안산 강제추행 고소 | 안산 강제추행 고소를 당하면 피해자와 합의를 먼저 시도해도 되나요?,1,2301
398,성범죄,전주,성범죄 조사,전주 성범죄 조사 | 전주 성범죄 조사를 앞두고 진술을 번복하면 불리하게 작용하나요?,1,2400
397,형사,천안,특수상해,천안 특수상해 변호사 | 천안 위험한 물건이 사용되면 특수상해로 처벌이 무거워질 수 있나요?,1,2365
396,형사,남양주,업무상횡령죄,남양주 업무상횡령죄 | 남양주 업무상횡령죄는 개인적으로 잠깐 사용한 돈도 문제가 될 수 있나요?,1,2363
395,형사,부천,사기죄 합의,부천 사기죄 합의 | 부천 사기죄 합의를 하면 형사처벌을 피할 수 있나요?,1,2537
394,형사,청주,도박죄,청주 도박죄 변호사 | 청주 단순 이용자도 도박죄로 처벌될 수 있나요?,1,2821
393,학교폭력,,학교폭력행정소송,학교폭력행정소송 | 학교폭력행정소송을 제기하면 처분 효력을 멈출 수 있나요?,1,2262
392,학교폭력,,학폭처벌수위,학폭처벌수위 | 학폭처벌수위는 피해 정도와 합의 여부에 따라 달라질 수 있나요?,1,2248
391,성범죄,,통매음,통매음 변호사 | 통매음 혐의에서 성적 의도가 없었다는 점은 어떻게 소명하나요?,1,2227
390,성범죄,,준강간 혐의,준강간 혐의 | 준강간 혐의에서 당시 술자리 정황은 어떻게 입증해야 하나요?,1,2306
389,성범죄,,강제추행 고소,강제추행 고소 | 강제추행 고소를 당하면 피해자와 합의를 먼저 시도해도 되나요?,1,2301
388,성범죄,,성범죄 조사,성범죄 조사 | 성범죄 조사를 앞두고 진술을 번복하면 불리하게 작용하나요?,1,2400
387,형사,,특수상해,특수상해 변호사 | 위험한 물건이 사용되면 특수상해로 처벌이 무거워질 수 있나요?,1,2365
386,형사,,업무상횡령죄,업무상횡령죄 | 업무상횡령죄는 개인적으로 잠깐 사용한 돈도 문제가 될 수 있나요?,1,2363
385,형사,,사기죄 합의,사기죄 합의 | 사기죄 합의를 하면 형사처벌을 피할 수 있나요?,1,2537
384,형사,,도박죄,도박죄 변호사 | 단순 이용자도 도박죄로 처벌될 수 있나요?,1,2821
383,학교폭력,성남,학교폭력행정소송,성남 학교폭력행정소송 | 성남 학교폭력행정소송을 제기하면 처분 효력을 멈출 수 있나요?,1,1103
382,학교폭력,창원,학폭처벌수위,창원 학폭처벌수위 | 창원 학폭처벌수위는 피해 정도와 합의 여부에 따라 달라질 수 있나요?,1,1088
381,성범죄,고양,통매음,고양 통매음 변호사 | 고양 통매음 혐의에서 성적 의도가 없었다는 점은 어떻게 소명하나요?,1,1135
380,성범죄,수원,준강간 혐의,수원 준강간 혐의 | 수원 준강간 혐의에서 당시 술자리 정황은 어떻게 입증해야 하나요?,1,1128
379,성범죄,울산,강제추행 고소,울산 강제추행 고소 | 울산 강제추행 고소를 당하면 피해자와 합의를 먼저 시도해도 되나요?,1,1137
378,성범죄,대전,성범죄 조사,대전 성범죄 조사 | 대전 성범죄 조사를 앞두고 진술을 번복하면 불리하게 작용하나요?,1,1158
377,형사,광주,특수상해,광주 특수상해 변호사 | 광주 위험한 물건이 사용되면 특수상해로 처벌이 무거워질 수 있나요?,1,1118
376,형사,대구,업무상횡령죄,대구 업무상횡령죄 | 대구 업무상횡령죄는 개인적으로 잠깐 사용한 돈도 문제가 될 수 있나요?,1,1144
375,형사,인천,사기죄 합의,인천 사기죄 합의 | 인천 사기죄 합의를 하면 형사처벌을 피할 수 있나요?,1,1233
374,형사,부산,도박죄,부산 도박죄 변호사 | 부산 단순 이용자도 도박죄로 처벌될 수 있나요?,1,1339
373,학교폭력,,학교폭력행정소송,학교폭력행정소송 | 학교폭력행정소송을 제기하면 처분 효력을 멈출 수 있나요?,1,1103
372,학교폭력,,학폭처벌수위,학폭처벌수위 | 학폭처벌수위는 피해 정도와 합의 여부에 따라 달라질 수 있나요?,1,1088
371,성범죄,,통매음,통매음 변호사 | 통매음 혐의에서 성적 의도가 없었다는 점은 어떻게 소명하나요?,1,1135
370,성범죄,,준강간 혐의,준강간 혐의 | 준강간 혐의에서 당시 술자리 정황은 어떻게 입증해야 하나요?,1,1128
369,성범죄,,강제추행 고소,강제추행 고소 | 강제추행 고소를 당하면 피해자와 합의를 먼저 시도해도 되나요?,1,1137
368,성범죄,,성범죄 조사,성범죄 조사 | 성범죄 조사를 앞두고 진술을 번복하면 불리하게 작용하나요?,1,1158
367,형사,,특수상해,특수상해 변호사 | 위험한 물건이 사용되면 특수상해로 처벌이 무거워질 수 있나요?,1,1118
366,형사,,업무상횡령죄,업무상횡령죄 | 업무상횡령죄는 개인적으로 잠깐 사용한 돈도 문제가 될 수 있나요?,1,1144
365,형사,,사기죄 합의,사기죄 합의 | 사기죄 합의를 하면 형사처벌을 피할 수 있나요?,1,1233
364,형사,,도박죄,도박죄 변호사 | 단순 이용자도 도박죄로 처벌될 수 있나요?,1,1339
363,학교폭력,서울,학폭행정소송,서울 학폭행정소송 | 서울 학폭행정소송은 어떤 처분을 받았을 때 검토해야 하나요?,1,1220
362,학교폭력,제주,학폭가해자,제주 학폭가해자 | 제주 학폭가해자로 지목되면 보호자는 무엇부터 확인해야 하나요?,1,1241
361,성범죄,통영,불법촬영 포렌식,통영 불법촬영 포렌식 | 통영 불법촬영 포렌식에서 삭제된 사진도 확인될 수 있나요?,1,1206
360,성범죄,서산,통매음 경찰조사,서산 통매음 경찰조사 | 서산 통매음 경찰조사에서는 대화 맥락이 왜 중요하게 보이나요?,1,1236
359,성범죄,강릉,강제추행 기소유예,강릉 강제추행 기소유예 | 강릉 강제추행 기소유예를 받으려면 합의 외에 무엇이 중요하나요?,1,1168
358,성범죄,목포,성범죄 무혐의,목포 성범죄 무혐의 | 목포 성범죄 무혐의를 받으려면 어떤 증거를 먼저 확보해야 하나요?,1,1226
357,형사,군산,특수협박,군산 특수협박 변호사 | 군산 위험한 물건을 들고 말다툼을 했다면 특수협박이 성립할 수 있나요?,1,1239
356,형사,순천,카카오톡 명예훼손,순천 카카오톡 명예훼손 | 순천 카카오톡 대화방에서 한 말도 명예훼손이 될 수 있나요?,1,1248
355,형사,춘천,중고거래사기,춘천 중고거래사기 변호사 | 춘천 중고거래사기로 고소당했을 때 환불하면 처벌을 피할 수 있나요?,1,1291
354,형사,진주,전세사기,진주 전세사기 변호사 | 진주 전세사기 혐의를 받으면 단순 계약 분쟁과 어떻게 구별해야 하나요?,1,1438
353,학교폭력,,학폭행정소송,학폭행정소송 | 학폭행정소송은 어떤 처분을 받았을 때 검토해야 하나요?,1,1220
352,학교폭력,,학폭가해자,학폭가해자 | 학폭가해자로 지목되면 보호자는 무엇부터 확인해야 하나요?,1,1241
351,성범죄,,불법촬영 포렌식,불법촬영 포렌식 | 불법촬영 포렌식에서 삭제된 사진도 확인될 수 있나요?,1,1206
350,성범죄,,통매음 경찰조사,통매음 경찰조사 | 통매음 경찰조사에서는 대화 맥락이 왜 중요하게 보이나요?,1,1236
349,성범죄,,강제추행 기소유예,강제추행 기소유예 | 강제추행 기소유예를 받으려면 합의 외에 무엇이 중요하나요?,1,1168
348,성범죄,,성범죄 무혐의,성범죄 무혐의 | 성범죄 무혐의를 받으려면 어떤 증거를 먼저 확보해야 하나요?,1,1226
347,형사,,특수협박,특수협박 변호사 | 위험한 물건을 들고 말다툼을 했다면 특수협박이 성립할 수 있나요?,1,1239
346,형사,,카카오톡 명예훼손,카카오톡 명예훼손 | 카카오톡 대화방에서 한 말도 명예훼손이 될 수 있나요?,1,1248
345,형사,,중고거래사기,중고거래사기 변호사 | 중고거래사기로 고소당했을 때 환불하면 처벌을 피할 수 있나요?,1,1291
344,형사,,전세사기,전세사기 변호사 | 전세사기 혐의를 받으면 단순 계약 분쟁과 어떻게 구별해야 하나요?,1,1438
343,학교폭력,원주,학교폭력징계,원주 학교폭력징계 | 원주 학교폭력징계 수위가 과하다고 느껴지면 어떻게 다툴 수 있나요?,1,1385
342,학교폭력,의정부,학폭위진술서,의정부 학폭위진술서 | 의정부 학폭위진술서는 어떤 내용 중심으로 작성해야 하나요?,1,1548
341,성범죄,포항,불법촬영 합의,포항 불법촬영 합의 | 포항 불법촬영 합의가 이루어지면 기소유예 가능성이 높아질 수 있나요?,1,1548
340,성범죄,김천구미,준강제추행 합의,김천구미 준강제추행 합의 | 김천구미 준강제추행 합의를 진행할 때 피해자와 직접 연락해도 되나요?,1,1484
339,성범죄,안양,강제추행 혐의,안양 강제추행 혐의 | 안양 강제추행 혐의에서 신체 접촉이 우연이었다는 점은 어떻게 소명하나요?,1,1610
338,성범죄,평택,성범죄 경찰출석,평택 성범죄 경찰출석 | 평택 성범죄 경찰출석 요구를 받으면 혼자 조사받아도 괜찮나요?,1,1580
337,형사,안산,강요죄,안산 강요죄 변호사 | 안산 상대방에게 행동을 요구한 것이 강요죄로 인정될 수 있나요?,1,1542
336,형사,전주,재물손괴죄,전주 재물손괴죄 변호사 | 전주 물건을 부순 사실이 있으면 합의만으로 사건이 끝날 수 있나요?,1,1597
335,형사,천안,보이스피싱 연루,천안 보이스피싱 연루 | 천안 보이스피싱 연루 혐의를 받으면 몰랐다는 주장을 어떻게 입증해야 하나요?,1,1697
334,형사,남양주,사기죄 경찰조사,남양주 사기죄 경찰조사 | 남양주 사기죄 경찰조사를 앞두고 거래 내역은 어떻게 정리해야 하나요?,1,2050
333,학교폭력,,학교폭력징계,학교폭력징계 | 학교폭력징계 수위가 과하다고 느껴지면 어떻게 다툴 수 있나요?,1,1385
332,학교폭력,,학폭위진술서,학폭위진술서 | 학폭위진술서는 어떤 내용 중심으로 작성해야 하나요?,1,1548
331,성범죄,,불법촬영 합의,불법촬영 합의 | 불법촬영 합의가 이루어지면 기소유예 가능성이 높아질 수 있나요?,1,1548
330,성범죄,,준강제추행 합의,준강제추행 합의 | 준강제추행 합의를 진행할 때 피해자와 직접 연락해도 되나요?,1,1484
329,성범죄,,강제추행 혐의,강제추행 혐의 | 강제추행 혐의에서 신체 접촉이 우연이었다는 점은 어떻게 소명하나요?,1,1610
328,성범죄,,성범죄 경찰출석,성범죄 경찰출석 | 성범죄 경찰출석 요구를 받으면 혼자 조사받아도 괜찮나요?,1,1580
327,형사,,강요죄,강요죄 변호사 | 상대방에게 행동을 요구한 것이 강요죄로 인정될 수 있나요?,1,1542
326,형사,,재물손괴죄,재물손괴죄 변호사 | 물건을 부순 사실이 있으면 합의만으로 사건이 끝날 수 있나요?,1,1597
325,형사,,보이스피싱 연루,보이스피싱 연루 | 보이스피싱 연루 혐의를 받으면 몰랐다는 주장을 어떻게 입증해야 하나요?,1,1697
324,형사,,사기죄 경찰조사,사기죄 경찰조사 | 사기죄 경찰조사를 앞두고 거래 내역은 어떻게 정리해야 하나요?,1,2050
323,학교폭력,부천,학교폭력피해자,부천 학교폭력피해자 | 부천 학교폭력피해자는 학폭위 전에 어떤 증거를 확보해야 하나요?,0,1726
322,학교폭력,청주,학폭위준비,청주 학폭위준비 | 청주 학폭위준비를 할 때 보호자가 먼저 확인해야 할 자료는 무엇인가요?,0,1615
321,성범죄,성남,카메라등이용촬영죄 합의,성남 카메라등이용촬영죄 합의 | 성남 카메라등이용촬영죄 합의는 언제 진행하는 것이 안전한가요?,0,1650
320,성범죄,창원,통신매체음란죄,창원 통신매체음란죄 | 창원 통신매체음란죄는 장난으로 보낸 메시지도 문제가 될 수 있나요?,0,1625
319,성범죄,고양,준강간 합의,고양 준강간 합의 | 고양 준강간 사건에서 합의가 있어도 수사가 계속될 수 있나요?,0,1791
318,성범죄,수원,성추행 경찰조사,수원 성추행 경찰조사 | 수원 성추행 경찰조사를 앞두고 피해자 진술과 다른 부분은 어떻게 정리해야 하나요?,0,1832
317,형사,울산,상해죄,울산 상해죄 변호사 | 울산 다툼 중 상대방이 다쳤다면 상해죄로 처벌될 수 있나요?,0,1798
316,형사,대전,사이버명예훼손,대전 사이버명예훼손 | 대전 온라인 댓글이나 게시글도 사이버명예훼손으로 처벌될 수 있나요?,0,1884
315,형사,광주,대포통장 처벌,광주 대포통장 처벌 | 광주 대포통장으로 이용된 계좌 명의자도 형사처벌을 받을 수 있나요?,1,2680
314,형사,대구,금융사기,대구 금융사기 변호사 | 대구 금융사기 혐의를 받으면 투자 실패와 사기는 어떻게 구별되나요?,1,2972
313,학교폭력,,학교폭력피해자,학교폭력피해자 | 학교폭력피해자는 학폭위 전에 어떤 증거를 확보해야 하나요?,0,1726
312,학교폭력,,학폭위준비,학폭위준비 | 학폭위준비를 할 때 보호자가 먼저 확인해야 할 자료는 무엇인가요?,0,1615
311,성범죄,,카메라등이용촬영죄 합의,카메라등이용촬영죄 합의 | 카메라등이용촬영죄 합의는 언제 진행하는 것이 안전한가요?,0,1650
310,성범죄,,통신매체음란죄,통신매체음란죄 | 통신매체음란죄는 장난으로 보낸 메시지도 문제가 될 수 있나요?,0,1625
309,성범죄,,준강간 합의,준강간 합의 | 준강간 사건에서 합의가 있어도 수사가 계속될 수 있나요?,0,1791
308,성범죄,,성추행 경찰조사,성추행 경찰조사 | 성추행 경찰조사를 앞두고 피해자 진술과 다른 부분은 어떻게 정리해야 하나요?,0,1832
307,형사,,상해죄,상해죄 변호사 | 다툼 중 상대방이 다쳤다면 상해죄로 처벌될 수 있나요?,0,1798
306,형사,,사이버명예훼손,사이버명예훼손 | 온라인 댓글이나 게시글도 사이버명예훼손으로 처벌될 수 있나요?,0,1884
305,형사,,대포통장 처벌,대포통장 처벌 | 대포통장으로 이용된 계좌 명의자도 형사처벌을 받을 수 있나요?,1,2680
304,형사,,금융사기,금융사기 변호사 | 금융사기 혐의를 받으면 투자 실패와 사기는 어떻게 구별되나요?,1,2972
303,학교폭력,인천,학교폭력가해자,인천 학교폭력가해자 | 인천 학교폭력가해자로 신고되면 보호자는 어떤 절차부터 확인해야 하나요?,0,1400
302,학교폭력,부산,학폭위출석,부산 학폭위출석 | 부산 학폭위출석을 앞두고 학생 진술은 어떻게 준비해야 하나요?,0,1278
301,성범죄,서울,준강제추행 무혐의,서울 준강제추행 무혐의 | 서울 준강제추행 무혐의를 주장하려면 당시 상황을 어떻게 입증해야 하나요?,1,1365
300,성범죄,제주,통매음 합의,제주 통매음 합의 | 제주 통매음 사건에서 합의를 하면 처벌 수위가 낮아질 수 있나요?,1,1300
299,성범죄,통영,강제추행 피해자,통영 강제추행 피해자 | 통영 강제추행 피해를 입었을 때 진술은 어떻게 정리해야 하나요?,0,1369
298,성범죄,서산,성범죄 피해자,서산 성범죄 피해자 | 서산 성범죄 피해자는 고소 전에 어떤 증거를 먼저 확보해야 하나요?,0,1401
297,형사,강릉,폭처법 위반,강릉 폭처법 위반 | 강릉 여러 명이 함께 폭행에 가담하면 폭처법 위반으로 처벌될 수 있나요?,1,1396
296,형사,목포,도박공간개설죄,목포 도박공간개설죄 | 목포 도박사이트 운영에 일부만 관여해도 도박공간개설죄가 성립할 수 있나요?,1,1428
295,형사,군산,사기방조죄,군산 사기방조죄 | 군산 사기방조죄는 범행을 직접 하지 않아도 처벌될 수 있나요?,1,1430
294,형사,순천,보이스피싱 피해자,순천 보이스피싱 피해자 | 순천 보이스피싱 피해를 입었다면 계좌 지급정지부터 진행해야 하나요?,0,1562
293,학교폭력,,학교폭력가해자,학교폭력가해자 | 학교폭력가해자로 신고되면 보호자는 어떤 절차부터 확인해야 하나요?,0,1400
292,학교폭력,,학폭위출석,학폭위출석 | 학폭위출석을 앞두고 학생 진술은 어떻게 준비해야 하나요?,0,1278
291,성범죄,,준강제추행 무혐의,준강제추행 무혐의 | 준강제추행 무혐의를 주장하려면 당시 상황을 어떻게 입증해야 하나요?,1,1365
290,성범죄,,통매음 합의,통매음 합의 | 통매음 사건에서 합의를 하면 처벌 수위가 낮아질 수 있나요?,1,1300
289,성범죄,,강제추행 피해자,강제추행 피해자 | 강제추행 피해를 입었을 때 진술은 어떻게 정리해야 하나요?,0,1369
288,성범죄,,성범죄 피해자,성범죄 피해자 | 성범죄 피해자는 고소 전에 어떤 증거를 먼저 확보해야 하나요?,0,1401
287,형사,,폭처법 위반,폭처법 위반 | 여러 명이 함께 폭행에 가담하면 폭처법 위반으로 처벌될 수 있나요?,1,1396
286,형사,,도박공간개설죄,도박공간개설죄 | 도박사이트 운영에 일부만 관여해도 도박공간개설죄가 성립할 수 있나요?,1,1428
285,형사,,사기방조죄,사기방조죄 | 사기방조죄는 범행을 직접 하지 않아도 처벌될 수 있나요?,1,1430
284,형사,,보이스피싱 피해자,보이스피싱 피해자 | 보이스피싱 피해를 입었다면 계좌 지급정지부터 진행해야 하나요?,0,1562
283,학교폭력,춘천,학폭행정소송,춘천 학폭행정소송 | 춘천 학폭행정소송은 어떤 처분을 받았을 때 검토해야 하나요?,1,1379
282,학교폭력,진주,학폭가해자,진주 학폭가해자 | 진주 학폭가해자로 지목되면 보호자는 무엇부터 확인해야 하나요?,1,1319
281,성범죄,원주,불법촬영 포렌식,원주 불법촬영 포렌식 | 원주 불법촬영 포렌식에서 삭제된 사진도 확인될 수 있나요?,1,1439
280,성범죄,의정부,통매음 경찰조사,의정부 통매음 경찰조사 | 의정부 통매음 경찰조사에서는 대화 맥락이 왜 중요하게 보이나요?,1,1422
279,성범죄,포항,강제추행 기소유예,포항 강제추행 기소유예 | 포항 강제추행 기소유예를 받으려면 합의 외에 무엇이 중요하나요?,1,1508
278,성범죄,김천구미,성범죄 무혐의,김천구미 성범죄 무혐의 | 김천구미 성범죄 무혐의를 받으려면 어떤 증거를 먼저 확보해야 하나요?,1,1667
277,형사,안양,특수협박,안양 특수협박 변호사 | 안양 위험한 물건을 들고 말다툼을 했다면 특수협박이 성립할 수 있나요?,1,1722
276,형사,평택,카카오톡 명예훼손,평택 카카오톡 명예훼손 | 평택 카카오톡 대화방에서 한 말도 명예훼손이 될 수 있나요?,1,1570
275,형사,안산,중고거래사기,안산 중고거래사기 변호사 | 안산 중고거래사기로 고소당했을 때 환불하면 처벌을 피할 수 있나요?,1,1710
274,형사,전주,전세사기,전주 전세사기 변호사 | 전주 전세사기 혐의를 받으면 단순 계약 분쟁과 어떻게 구별해야 하나요?,1,2269
273,학교폭력,,학폭행정소송,학폭행정소송 | 학폭행정소송은 어떤 처분을 받았을 때 검토해야 하나요?,1,1379
272,학교폭력,,학폭가해자,학폭가해자 | 학폭가해자로 지목되면 보호자는 무엇부터 확인해야 하나요?,1,1319
271,성범죄,,불법촬영 포렌식,불법촬영 포렌식 | 불법촬영 포렌식에서 삭제된 사진도 확인될 수 있나요?,1,1439
270,성범죄,,통매음 경찰조사,통매음 경찰조사 | 통매음 경찰조사에서는 대화 맥락이 왜 중요하게 보이나요?,1,1422
269,성범죄,,강제추행 기소유예,강제추행 기소유예 | 강제추행 기소유예를 받으려면 합의 외에 무엇이 중요하나요?,1,1508
268,성범죄,,성범죄 무혐의,성범죄 무혐의 | 성범죄 무혐의를 받으려면 어떤 증거를 먼저 확보해야 하나요?,1,1667
267,형사,,특수협박,특수협박 변호사 | 위험한 물건을 들고 말다툼을 했다면 특수협박이 성립할 수 있나요?,1,1722
266,형사,,카카오톡 명예훼손,카카오톡 명예훼손 | 카카오톡 대화방에서 한 말도 명예훼손이 될 수 있나요?,1,1570
265,형사,,중고거래사기,중고거래사기 변호사 | 중고거래사기로 고소당했을 때 환불하면 처벌을 피할 수 있나요?,1,1710
264,형사,,전세사기,전세사기 변호사 | 전세사기 혐의를 받으면 단순 계약 분쟁과 어떻게 구별해야 하나요?,1,2269
263,학교폭력,천안,학교폭력행정심판,천안 학교폭력행정심판 | 천안 학교폭력행정심판은 학폭위 처분을 받은 뒤 언제 준비해야 하나요?,1,1240
262,학교폭력,남양주,학폭위증거,"남양주 학폭위증거 | 남양주 학폭위증거는 카톡, 녹취, 진술서 중 무엇이 가장 중요하게 보이나요?",1,1193
261,성범죄,부천,아동청소년성범죄,부천 아동청소년성범죄 | 부천 아동청소년성범죄 혐의를 받으면 일반 성범죄보다 어떤 점을 더 조심해야 하나요?,1,1222
260,성범죄,청주,강제추행 불송치,청주 강제추행 불송치 | 청주 강제추행 불송치를 받으려면 어떤 부분을 중점적으로 소명해야 하나요?,1,1255
259,성범죄,성남,준강간 경찰조사,성남 준강간 경찰조사 | 성남 준강간 경찰조사에서 술자리 전후 대화 내용이 중요한 이유는 무엇인가요?,1,1255
258,성범죄,창원,성범죄 고소대리,창원 성범죄 고소대리 | 창원 성범죄 피해자가 고소를 준비할 때 어떤 증거를 먼저 확보해야 하나요?,1,1273
257,형사,고양,무고죄,고양 무고죄 변호사 | 고양 허위 고소가 아니라 착오였어도 무고죄로 처벌될 수 있나요?,1,1305
256,형사,수원,개인정보보호법위반,수원 개인정보보호법위반 | 수원 다른 사람의 개인정보를 무단으로 사용하면 형사처벌을 받을 수 있나요?,1,1343
255,형사,울산,도주치상,울산 도주치상 변호사 | 울산 교통사고 후 현장을 벗어나면 도주치상 혐의로 처벌될 수 있나요?,1,1374
254,형사,대전,장물취득죄,대전 장물취득죄 변호사 | 대전 범죄 수익인 줄 모르고 물건을 받았다면 장물취득죄가 성립할 수 있나요?,1,1415
253,학교폭력,,학교폭력행정심판,학교폭력행정심판 | 학교폭력행정심판은 학폭위 처분을 받은 뒤 언제 준비해야 하나요?,1,1240
252,학교폭력,,학폭위증거,"학폭위증거 | 학폭위증거는 카톡, 녹취, 진술서 중 무엇이 가장 중요하게 보이나요?",1,1193
251,성범죄,,아동청소년성범죄,아동청소년성범죄 | 아동청소년성범죄 혐의를 받으면 일반 성범죄보다 어떤 점을 더 조심해야 하나요?,1,1222
250,성범죄,,강제추행 불송치,강제추행 불송치 | 강제추행 불송치를 받으려면 어떤 부분을 중점적으로 소명해야 하나요?,1,1255
249,성범죄,,준강간 경찰조사,준강간 경찰조사 | 준강간 경찰조사에서 술자리 전후 대화 내용이 중요한 이유는 무엇인가요?,1,1255
248,성범죄,,성범죄 고소대리,성범죄 고소대리 | 성범죄 피해자가 고소를 준비할 때 어떤 증거를 먼저 확보해야 하나요?,1,1273
247,형사,,무고죄,무고죄 변호사 | 허위 고소가 아니라 착오였어도 무고죄로 처벌될 수 있나요?,1,1305
246,형사,,개인정보보호법위반,개인정보보호법위반 | 다른 사람의 개인정보를 무단으로 사용하면 형사처벌을 받을 수 있나요?,1,1343
245,형사,,도주치상,도주치상 변호사 | 교통사고 후 현장을 벗어나면 도주치상 혐의로 처벌될 수 있나요?,1,1374
244,형사,,장물취득죄,장물취득죄 변호사 | 범죄 수익인 줄 모르고 물건을 받았다면 장물취득죄가 성립할 수 있나요?,1,1415
243,학교폭력,광주,학폭기록삭제,광주 학폭기록삭제 | 광주 학폭기록삭제는 어떤 조건에서 가능하나요?,1,1070
242,학교폭력,대구,학폭합의금,대구 학폭합의금 | 대구 학폭합의금은 정해진 기준이 있나요?,1,1008
241,성범죄,인천,불법촬영 경찰조사,인천 불법촬영 경찰조사 | 인천 불법촬영 경찰조사에서 휴대폰 포렌식은 어떻게 진행되나요?,1,1029
240,성범죄,부산,통매음 기소유예,부산 통매음 기소유예 | 부산 통매음 사건에서 기소유예 가능성을 높이려면 무엇을 준비해야 하나요?,1,975
239,성범죄,서울,강제추행 경찰조사,서울 강제추행 경찰조사 | 서울 강제추행 경찰조사를 앞두고 진술은 어떻게 준비해야 하나요?,1,1011
238,성범죄,제주,성범죄 불송치,제주 성범죄 불송치 | 제주 성범죄 불송치를 받으려면 어떤 증거가 중요하게 작용하나요?,1,972
237,형사,통영,로맨스스캠,통영 로맨스스캠 변호사 | 통영 로맨스스캠 사건에 연루되면 피해자와 피의자는 어떻게 구별되나요?,1,1029
236,형사,서산,모욕죄,서산 모욕죄 변호사 | 서산 단체 채팅방에서 한 말도 모욕죄로 고소될 수 있나요?,1,999
235,형사,강릉,주거침입죄,강릉 주거침입죄 변호사 | 강릉 허락 없이 집이나 사무실에 들어가면 주거침입죄가 성립할 수 있나요?,1,985
234,형사,목포,보험사기,목포 보험사기 변호사 | 목포 보험금을 청구했다가 보험사기 혐의를 받으면 어떻게 대응해야 하나요?,1,1044
233,학교폭력,,학폭기록삭제,학폭기록삭제 | 학폭기록삭제는 어떤 조건에서 가능하나요?,1,1070
232,학교폭력,,학폭합의금,학폭합의금 | 학폭합의금은 정해진 기준이 있나요?,1,1008
231,성범죄,,불법촬영 경찰조사,불법촬영 경찰조사 | 불법촬영 경찰조사에서 휴대폰 포렌식은 어떻게 진행되나요?,1,1029
230,성범죄,,통매음 기소유예,통매음 기소유예 | 통매음 사건에서 기소유예 가능성을 높이려면 무엇을 준비해야 하나요?,1,975
229,성범죄,,강제추행 경찰조사,강제추행 경찰조사 | 강제추행 경찰조사를 앞두고 진술은 어떻게 준비해야 하나요?,1,1011
228,성범죄,,성범죄 불송치,성범죄 불송치 | 성범죄 불송치를 받으려면 어떤 증거가 중요하게 작용하나요?,1,972
227,형사,,로맨스스캠,로맨스스캠 변호사 | 로맨스스캠 사건에 연루되면 피해자와 피의자는 어떻게 구별되나요?,1,1029
226,형사,,모욕죄,모욕죄 변호사 | 단체 채팅방에서 한 말도 모욕죄로 고소될 수 있나요?,1,999
225,형사,,주거침입죄,주거침입죄 변호사 | 허락 없이 집이나 사무실에 들어가면 주거침입죄가 성립할 수 있나요?,1,985
224,형사,,보험사기,보험사기 변호사 | 보험금을 청구했다가 보험사기 혐의를 받으면 어떻게 대응해야 하나요?,1,1044
223,학교폭력,군산,학폭민사소송,군산 학폭민사소송 | 군산 학폭민사소송으로 치료비와 위자료를 청구할 수 있나요?,1,1270
222,학교폭력,순천,학폭위불복,순천 학폭위불복 | 순천 학폭위불복은 처분 통지를 받은 뒤 언제까지 준비해야 하나요?,1,1294
221,성범죄,춘천,성범죄 합의,춘천 성범죄 합의 | 춘천 성범죄 사건에서 합의가 있어도 처벌이 진행될 수 있나요?,1,1473
220,성범죄,진주,유사강간,진주 유사강간 변호사 | 진주 유사강간 혐의는 강제추행과 어떤 점에서 다르게 판단되나요?,0,1442
219,성범죄,원주,강간미수,원주 강간미수 변호사 | 원주 강간미수 혐의는 실제 성관계가 없었어도 처벌될 수 있나요?,1,1468
218,성범죄,의정부,성폭력범죄,의정부 성폭력범죄 변호사 | 의정부 성폭력범죄 혐의를 받으면 초기 조사에서 어떤 진술을 조심해야 하나요?,1,1455
217,형사,포항,명예훼손 고소,포항 명예훼손 고소 | 포항 온라인에 올린 글로 명예훼손 고소를 당하면 무엇부터 확인해야 하나요?,1,1416
216,형사,김천구미,공무집행방해,김천구미 공무집행방해 변호사 | 김천구미 술에 취해 경찰관과 실랑이를 벌인 경우 공무집행방해가 될 수 있나요?,1,1479
215,형사,안양,절도죄,안양 절도죄 변호사 | 안양 절도죄 초범이면 합의 여부에 따라 처벌 수위가 달라질 수 있나요?,1,1479
214,형사,평택,사문서위조,평택 사문서위조 변호사 | 평택 동의 없이 서류를 작성했다면 사문서위조죄가 성립할 수 있나요?,1,1638
213,학교폭력,,학폭민사소송,학폭민사소송 | 학폭민사소송으로 치료비와 위자료를 청구할 수 있나요?,1,1375
212,학교폭력,,학폭위불복,학폭위불복 | 학폭위불복은 처분 통지를 받은 뒤 언제까지 준비해야 하나요?,1,1294
211,성범죄,,성범죄 합의,성범죄 합의 | 성범죄 사건에서 합의가 있어도 처벌이 진행될 수 있나요?,1,1473
210,성범죄,,유사강간,유사강간 변호사 | 유사강간 혐의는 강제추행과 어떤 점에서 다르게 판단되나요?,0,1442
209,성범죄,,강간미수,강간미수 변호사 | 강간미수 혐의는 실제 성관계가 없었어도 처벌될 수 있나요?,1,1468
208,성범죄,,성폭력범죄,성폭력범죄 변호사 | 성폭력범죄 혐의를 받으면 초기 조사에서 어떤 진술을 조심해야 하나요?,1,1455
207,형사,,명예훼손 고소,명예훼손 고소 | 온라인에 올린 글로 명예훼손 고소를 당하면 무엇부터 확인해야 하나요?,1,1416
206,형사,,공무집행방해,공무집행방해 변호사 | 술에 취해 경찰관과 실랑이를 벌인 경우 공무집행방해가 될 수 있나요?,1,1479
205,형사,,절도죄,절도죄 변호사 | 절도죄 초범이면 합의 여부에 따라 처벌 수위가 달라질 수 있나요?,1,1479
204,형사,,사문서위조,사문서위조 변호사 | 동의 없이 서류를 작성했다면 사문서위조죄가 성립할 수 있나요?,1,1638
203,학교폭력,안산,학교폭력재심,안산 학교폭력재심 | 안산 학교폭력재심은 어떤 경우에 신청할 수 있나요?,1,1386
202,학교폭력,전주,학폭위결과,전주 학폭위결과 | 전주 학폭위결과가 나오기 전 보호자는 어떤 대응을 준비해야 하나요?,1,1408
201,성범죄,천안,카촬죄 합의,천안 카촬죄 합의 | 천안 카촬죄 사건에서 합의가 기소유예 가능성에 영향을 줄 수 있나요?,1,1449
200,성범죄,남양주,통매음 고소,남양주 통매음 고소 | 남양주 통매음 고소를 당하면 메시지 전체 대화 내용이 중요하게 보이나요?,1,1432
199,성범죄,부천,강제추행죄,부천 강제추행죄 변호사 | 부천 강제추행죄에서 신체 접촉의 고의성은 어떻게 판단되나요?,1,1448
198,성범죄,청주,성범죄,청주 성범죄변호사 | 청주 성범죄 혐의를 받으면 피해자 진술만으로도 수사가 진행될 수 있나요?,1,1465
197,형사,성남,스토킹처벌법,성남 스토킹처벌법 변호사 | 성남 상대방이 원하지 않는 연락을 반복하면 스토킹처벌법 위반이 될 수 있나요?,1,1497
196,형사,창원,업무방해죄,창원 업무방해죄 변호사 | 창원 항의 과정에서 소란이 있었다면 업무방해죄가 성립할 수 있나요?,1,1454
195,형사,고양,전자금융거래법위반,고양 전자금융거래법위반 | 고양 통장을 빌려준 경우 전자금융거래법위반으로 처벌될 수 있나요?,1,1475
194,형사,수원,리딩방사기,수원 리딩방사기 변호사 | 수원 리딩방사기 혐의를 받으면 단순 홍보 역할도 처벌될 수 있나요?,1,1665
193,학교폭력,,학교폭력재심,학교폭력재심 | 학교폭력재심은 어떤 경우에 신청할 수 있나요?,1,1386
192,학교폭력,,학폭위결과,학폭위결과 | 학폭위결과가 나오기 전 보호자는 어떤 대응을 준비해야 하나요?,1,1408
191,성범죄,,카촬죄 합의,카촬죄 합의 | 카촬죄 사건에서 합의가 기소유예 가능성에 영향을 줄 수 있나요?,1,1449
190,성범죄,,통매음 고소,통매음 고소 | 통매음 고소를 당하면 메시지 전체 대화 내용이 중요하게 보이나요?,1,1432
189,성범죄,,강제추행죄,강제추행죄 변호사 | 강제추행죄에서 신체 접촉의 고의성은 어떻게 판단되나요?,1,1448
188,성범죄,,성범죄,성범죄변호사 | 성범죄 혐의를 받으면 피해자 진술만으로도 수사가 진행될 수 있나요?,1,1465
187,형사,,스토킹처벌법,스토킹처벌법 변호사 | 상대방이 원하지 않는 연락을 반복하면 스토킹처벌법 위반이 될 수 있나요?,1,1497
186,형사,,업무방해죄,업무방해죄 변호사 | 항의 과정에서 소란이 있었다면 업무방해죄가 성립할 수 있나요?,1,1454
185,형사,,전자금융거래법위반,전자금융거래법위반 | 통장을 빌려준 경우 전자금융거래법위반으로 처벌될 수 있나요?,1,1475
184,형사,,리딩방사기,리딩방사기 변호사 | 리딩방사기 혐의를 받으면 단순 홍보 역할도 처벌될 수 있나요?,1,1665
183,학교폭력,울산,학교폭력생기부,울산 학교폭력생기부 | 울산 학교폭력생기부 기록은 졸업 후에도 남을 수 있나요?,1,1592
182,성범죄,대전,준강제추행죄,대전 준강제추행죄 변호사 | 대전 준강제추행죄 혐의에서 술에 취한 상태가 핵심 쟁점이 되나요?,1,1680
181,성범죄,광주,카메라촬영죄,광주 카메라촬영죄 변호사 | 광주 카메라촬영죄 혐의에서 촬영 의도는 어떻게 판단되나요?,1,1618
180,형사,대구,음주운전 재범,대구 음주운전 재범 | 대구 음주운전 재범이면 벌금형보다 무거운 처분이 나올 수 있나요?,1,1537
179,형사,인천,보이스피싱 가담,인천 보이스피싱 가담 | 인천 보이스피싱 가담 혐의를 받으면 단순 전달 역할도 처벌될 수 있나요?,1,1673
178,학교폭력,,학교폭력생기부,학교폭력생기부 | 학교폭력생기부 기록은 졸업 후에도 남을 수 있나요?,1,1592
177,성범죄,,준강제추행죄,준강제추행죄 변호사 | 준강제추행죄 혐의에서 술에 취한 상태가 핵심 쟁점이 되나요?,1,1680
176,성범죄,,카메라촬영죄,카메라촬영죄 변호사 | 카메라촬영죄 혐의에서 촬영 의도는 어떻게 판단되나요?,1,1618
175,형사,,음주운전 재범,음주운전 재범 | 음주운전 재범이면 벌금형보다 무거운 처분이 나올 수 있나요?,1,1537
174,형사,,보이스피싱 가담,보이스피싱 가담 | 보이스피싱 가담 혐의를 받으면 단순 전달 역할도 처벌될 수 있나요?,1,1673
173,학교폭력,부산,학폭강제전학,부산 학폭강제전학 | 부산 학폭강제전학 처분을 받으면 행정심판으로 다툴 수 있나요?,1,1439
172,성범죄,서울,성추행 합의,서울 성추행 합의 | 서울 성추행 사건에서 합의를 시도할 때 피해자와 직접 연락해도 되나요?,1,1598
171,성범죄,제주,준강간죄,제주 준강간죄 변호사 | 제주 준강간죄 혐의에서 피해자의 항거불능 상태는 어떻게 판단되나요?,1,1739
170,형사,통영,특수폭행,통영 특수폭행 변호사 | 통영 특수폭행 혐의는 일반 폭행보다 처벌이 무거워질 수 있나요?,1,1638
169,형사,서산,업무상횡령,서산 업무상횡령 변호사 | 서산 회사 자금을 개인적으로 썼다는 의심을 받으면 어떻게 대응해야 하나요?,1,1813
168,학교폭력,,학폭강제전학,학폭강제전학 | 학폭강제전학 처분을 받으면 행정심판으로 다툴 수 있나요?,1,1439
167,성범죄,,성추행 합의,성추행 합의 | 성추행 사건에서 합의를 시도할 때 피해자와 직접 연락해도 되나요?,1,1599
166,성범죄,,준강간죄,준강간죄 변호사 | 준강간죄 혐의에서 피해자의 항거불능 상태는 어떻게 판단되나요?,1,1739
165,형사,,특수폭행,특수폭행 변호사 | 특수폭행 혐의는 일반 폭행보다 처벌이 무거워질 수 있나요?,1,1638
164,형사,,업무상횡령,업무상횡령 변호사 | 회사 자금을 개인적으로 썼다는 의심을 받으면 어떻게 대응해야 하나요?,1,1813
163,학교폭력,강릉,학폭출석정지,강릉 학폭출석정지 | 강릉 학폭출석정지 처분을 받으면 생활기록부에도 남을 수 있나요?,1,1343
162,학교폭력,목포,초등학교학폭,목포 초등학교학폭 | 목포 초등학교학폭 사건은 저학년이라도 학폭위 처분을 받을 수 있나요?,1,1401
161,성범죄,군산,불법촬영합의,군산 불법촬영합의 | 군산 불법촬영 사건에서 합의가 처분 수위에 영향을 줄 수 있나요?,1,1462
160,성범죄,순천,성범죄 기소유예,순천 성범죄 기소유예 | 순천 성범죄 사건에서 기소유예를 받으려면 어떤 사정이 중요하게 보이나요?,1,1481
159,형사,춘천,협박죄,춘천 협박죄 변호사 | 춘천 화가 나서 한 말도 협박죄로 처벌될 수 있나요?,1,1516
158,형사,진주,스토킹,진주 스토킹 변호사 | 진주 반복적인 연락이 스토킹 혐의로 이어지면 어떻게 대응해야 하나요?,1,1569
157,학교폭력,,학폭출석정지,학폭출석정지 | 학폭출석정지 처분을 받으면 생활기록부에도 남을 수 있나요?,1,1343
156,학교폭력,,초등학교학폭,초등학교학폭 | 초등학교학폭 사건은 저학년이라도 학폭위 처분을 받을 수 있나요?,1,1401
155,성범죄,,불법촬영합의,불법촬영합의 | 불법촬영 사건에서 합의가 처분 수위에 영향을 줄 수 있나요?,1,1462
154,성범죄,,성범죄 기소유예,성범죄 기소유예 | 성범죄 사건에서 기소유예를 받으려면 어떤 사정이 중요하게 보이나요?,1,1481
153,형사,,협박죄,협박죄 변호사 | 화가 나서 한 말도 협박죄로 처벌될 수 있나요?,1,1516
152,형사,,스토킹,스토킹 변호사 | 반복적인 연락이 스토킹 혐의로 이어지면 어떻게 대응해야 하나요?,1,1569
151,성범죄,원주,강제추행,원주 강제추행 변호사 | 원주 강제추행 고소를 당하면 피해자에게 직접 연락해도 되나요?,1,1594
150,성범죄,의정부,강제추행,의정부 강제추행 변호사 | 의정부 신체접촉이 있었지만 추행 의도가 없었다면 어떻게 주장해야 하나요?,1,1639
149,성범죄,포항,강제추행,포항 강제추행 변호사 | 포항 강제추행 초범이면 기소유예가 가능한가요?,1,1699
148,성범죄,김천구미,강제추행,김천구미 강제추행 변호사 | 김천구미 술자리에서 발생한 강제추행 혐의는 어떻게 대응해야 하나요?,1,1829
147,성범죄,안양,강제추행,안양 강제추행 변호사 | 안양 강제추행 혐의를 받으면 피해자 진술과 다른 부분을 어떻게 다퉈야 하나요?,1,1897
146,성범죄,,강제추행,강제추행 변호사 | 강제추행 고소를 당하면 피해자에게 직접 연락해도 되나요?,1,1594
145,성범죄,,강제추행,강제추행 변호사 | 신체접촉이 있었지만 추행 의도가 없었다면 어떻게 주장해야 하나요?,1,1639
144,성범죄,,강제추행,강제추행 변호사 | 강제추행 초범이면 기소유예가 가능한가요?,1,1699
143,성범죄,,강제추행,강제추행 변호사 | 술자리에서 발생한 강제추행 혐의는 어떻게 대응해야 하나요?,1,1829
142,성범죄,,강제추행,강제추행 변호사 | 강제추행 혐의를 받으면 피해자 진술과 다른 부분을 어떻게 다퉈야 하나요?,1,1897
141,형사,경기,보이스피싱,경기 보이스피싱 변호사 | 경기 보이스피싱 수거책으로 조사받으면 어떻게 대응해야 하나요?,1,1792
140,형사,울산,보이스피싱,울산 보이스피싱 변호사 | 울산 보이스피싱 수거책으로 조사받으면 어떻게 대응해야 하나요?,1,1792
139,형사,부산,보이스피싱,부산 보이스피싱 변호사 | 부산 보이스피싱 수거책으로 조사받으면 어떻게 대응해야 하나요?,1,1792
138,형사,대구,보이스피싱,대구 보이스피싱 변호사 | 대구 보이스피싱 수거책으로 조사받으면 어떻게 대응해야 하나요?,1,1792
137,형사,서울,보이스피싱,서울 보이스피싱 변호사 | 서울 보이스피싱 수거책으로 조사받으면 어떻게 대응해야 하나요?,1,1792
136,형사,인천,보이스피싱,인천 보이스피싱 변호사 | 인천 보이스피싱 수거책으로 조사받으면 어떻게 대응해야 하나요?,1,1792
135,학교폭력,평택,학폭출석정지,평택 학폭출석정지 | 평택 학폭출석정지 처분을 받으면 생활기록부에도 남을 수 있나요?,1,1342
134,학교폭력,안산,초등학교학폭,안산 초등학교학폭 | 안산 초등학교학폭 사건은 저학년이라도 학폭위 처분을 받을 수 있나요?,1,1401
133,성범죄,전주,불법촬영합의,전주 불법촬영합의 | 전주 불법촬영 사건에서 합의가 처분 수위에 영향을 줄 수 있나요?,1,1461
132,성범죄,천안,성범죄 기소유예,천안 성범죄 기소유예 | 천안 성범죄 사건에서 기소유예를 받으려면 어떤 사정이 중요하게 보이나요?,1,1481
131,형사,남양주,협박죄,남양주 협박죄 변호사 | 남양주 화가 나서 한 말도 협박죄로 처벌될 수 있나요?,1,1516
130,형사,부천,스토킹,부천 스토킹 변호사 | 부천 반복적인 연락이 스토킹 혐의로 이어지면 어떻게 대응해야 하나요?,1,1569
129,학교폭력,,학폭출석정지,학폭출석정지 | 학폭출석정지 처분을 받으면 생활기록부에도 남을 수 있나요?,1,1342
128,학교폭력,,초등학교학폭,초등학교학폭 | 초등학교학폭 사건은 저학년이라도 학폭위 처분을 받을 수 있나요?,1,1401
127,성범죄,,불법촬영합의,불법촬영합의 | 불법촬영 사건에서 합의가 처분 수위에 영향을 줄 수 있나요?,1,1461
126,성범죄,,성범죄 기소유예,성범죄 기소유예 | 성범죄 사건에서 기소유예를 받으려면 어떤 사정이 중요하게 보이나요?,1,1480
125,형사,,협박죄,협박죄 변호사 | 화가 나서 한 말도 협박죄로 처벌될 수 있나요?,1,1516
124,형사,,스토킹,스토킹 변호사 | 반복적인 연락이 스토킹 혐의로 이어지면 어떻게 대응해야 하나요?,1,1569
123,학교폭력,청주,학폭위대응,청주 학폭위대응 | 청주 학폭위대응을 준비할 때 보호자가 먼저 확인해야 할 자료는 무엇인가요?,1,1449
122,학교폭력,성남,고등학교학폭,성남 고등학교학폭 | 성남 고등학교학폭 처분은 대입이나 생활기록부에 어떤 영향을 줄 수 있나요?,1,1426
121,형사,창원,공갈죄,창원 공갈죄 변호사 | 창원에서 돈을 요구한 사실이 있으면 모두 공갈죄로 인정되나요?,1,1514
120,성범죄,고양,공연음란죄,고양 공연음란죄 변호사 | 고양 공연음란죄는 장난이나 술김에 한 행동도 처벌될 수 있나요?,1,1557
119,성범죄,수원,성폭행,수원 성폭행 변호사 | 수원에서 성폭행 혐의를 받으면 합의보다 먼저 확인해야 할 쟁점은 무엇인가요?,1,1576
118,학교폭력,,학폭위대응,학폭위대응 | 학폭위대응을 준비할 때 보호자가 먼저 확인해야 할 자료는 무엇인가요?,1,1449
117,학교폭력,,고등학교학폭,고등학교학폭 | 고등학교학폭 처분은 대입이나 생활기록부에 어떤 영향을 줄 수 있나요?,1,1426
116,형사,,공갈죄,공갈죄 변호사 | 돈을 요구한 사실이 있으면 모두 공갈죄로 인정되나요?,1,1514
115,성범죄,,공연음란죄,공연음란죄 변호사 | 공연음란죄는 장난이나 술김에 한 행동도 처벌될 수 있나요?,1,1557
114,성범죄,,성폭행,성폭행 변호사 | 성폭행 혐의를 받으면 합의보다 먼저 확인해야 할 쟁점은 무엇인가요?,1,1576
113,학교폭력,울산,학교폭력합의,울산 학교폭력합의 | 울산 학교폭력 사건에서 합의서를 작성할 때 어떤 내용을 조심해야 하나요?,1,1466
112,학교폭력,대전,학폭위절차,대전 학폭위절차 | 대전에서 학폭위 절차는 신고 이후 어떤 순서로 진행되나요?,1,1444
111,형사,광주,명예훼손,광주 명예훼손 변호사 | 광주 온라인 게시글로 명예훼손 고소를 당하면 어떻게 대응해야 하나요?,1,1512
110,성범죄,대구,카메라등이용촬영죄,대구 카메라등이용촬영죄 | 대구 카메라등이용촬영죄는 촬영물이 삭제돼도 처벌될 수 있나요?,1,1545
109,성범죄,인천,성매매,인천 성매매 변호사 | 인천 성매매 혐의로 조사받으면 초범도 처벌될 수 있나요?,1,1609
108,학교폭력,,학교폭력합의,학교폭력합의 | 학교폭력 사건에서 합의서를 작성할 때 어떤 내용을 조심해야 하나요?,1,1466
107,학교폭력,,학폭위절차,학폭위절차 | 학폭위 절차는 신고 이후 어떤 순서로 진행되나요?,1,1444
106,형사,,명예훼손,명예훼손 변호사 | 온라인 게시글로 명예훼손 고소를 당하면 어떻게 대응해야 하나요?,1,1512
105,성범죄,,카메라등이용촬영죄,카메라등이용촬영죄 | 카메라등이용촬영죄는 촬영물이 삭제돼도 처벌될 수 있나요?,1,1546
104,성범죄,,성매매,성매매 변호사 | 성매매 혐의로 조사받으면 초범도 처벌될 수 있나요?,1,1609
103,학교폭력,부산,쌍방학폭,부산 쌍방학폭 | 부산 쌍방학폭으로 신고된 경우 피해자와 가해자가 함께 처분받을 수 있나요?,1,1379
102,학교폭력,서울,학폭위진술,서울 학폭위진술 | 서울 학폭위진술을 준비할 때 학생이 가장 조심해야 할 부분은 무엇인가요?,1,1368
101,학교폭력,제주,중학교학폭,제주 중학교학폭 | 제주 중학교학폭 사건은 학폭위에서 어떤 처분이 내려질 수 있나요?,1,1496
100,형사,통영,마약,통영 마약 변호사 | 통영 마약 혐의로 조사를 받으면 투약 횟수와 검사 결과가 왜 중요한가요?,1,1422
99,형사,서산,배임죄,서산 배임죄 변호사 | 서산 배임죄는 회사에 실제 손해가 없어도 성립할 수 있나요?,1,1431
98,형사,강릉,횡령죄,강릉 횡령죄 변호사 | 강릉 회사 돈을 개인적으로 사용했다는 의심을 받으면 어떻게 대응해야 하나요?,0,1412
97,성범죄,목포,성범죄,목포 성범죄변호사 | 목포 성범죄 혐의를 받으면 피해자와 직접 연락해도 되나요?,1,1468
96,성범죄,군산,지하철성추행,군산 지하철성추행 변호사 | 군산 지하철성추행 혐의를 받으면 CCTV와 동선 확인이 왜 중요한가요?,1,1622
95,성범죄,순천,업무상위력추행,순천 업무상위력추행 변호사 | 순천 직장 내 추행 사건은 일반 강제추행과 어떤 점이 다르게 판단되나요?,1,1616
94,성범죄,춘천,강간죄,춘천 강간죄 변호사 | 춘천 강간죄 혐의를 받으면 합의 여부가 처벌 수위에 영향을 주나요?,1,1628
93,학교폭력,진주,학교폭력기록삭제,진주 학교폭력기록삭제 | 진주 학교폭력 기록은 졸업 후에도 남을 수 있나요?,1,1454
92,학교폭력,원주,학폭위처분,원주 학폭위처분 | 원주 학폭위 처분이 과하다고 느껴지면 어떻게 불복해야 하나요?,1,1410
91,학교폭력,의정부,학교폭력고소,의정부 학교폭력고소 | 의정부 학교폭력 사건도 학폭위와 별도로 형사고소가 가능한가요?,1,1527
90,형사,포항,음주운전,포항 음주운전 변호사 | 포항 음주운전 재범이면 벌금형보다 무거운 처벌을 받을 수 있나요?,1,1453
89,형사,김천구미,보이스피싱 수거책,김천구미 보이스피싱 수거책 | 김천구미에서 보이스피싱 수거책으로 연루되면 단순 아르바이트였다는 주장이 통할 수 있나요?,1,1506
88,형사,안양,사기 고소,안양 사기 고소 변호사 | 안양에서 사기 고소를 당했을 때 돈을 갚으면 사건이 끝날 수 있나요?,1,1586
87,성범죄,평택,아동청소년보호법,평택 아동청소년보호법 변호사 | 평택에서 미성년자 관련 성범죄 혐의를 받으면 처벌 수위가 왜 더 무거워지나요?,1,1595
86,성범죄,안산,통신매체이용음란,안산 통신매체이용음란 변호사 | 안산에서 온라인 메시지로 고소당하면 단순 욕설과 성범죄는 어떻게 구별되나요?,0,1684
85,성범죄,전주,준강제추행,전주 준강제추행 변호사 | 전주에서 술자리 이후 준강제추행으로 고소되면 어떤 부분을 확인해야 하나요?,1,1765
84,성범죄,천안,성추행,천안 성추행 변호사 | 천안에서 성추행 혐의를 받으면 초기 진술에서 무엇을 조심해야 하나요?,0,1896
83,학교폭력,,쌍방학폭,쌍방학폭 | 쌍방학폭으로 신고된 경우 피해자와 가해자가 함께 처분받을 수 있나요?,1,1379
82,학교폭력,,학폭위진술,학폭위진술 | 학폭위진술을 준비할 때 학생이 가장 조심해야 할 부분은 무엇인가요?,1,1368
81,학교폭력,,중학교학폭,중학교학폭 | 중학교학폭 사건은 학폭위에서 어떤 처분이 내려질 수 있나요?,1,1496
80,형사,,마약,마약 변호사 | 마약 혐의로 조사를 받으면 투약 횟수와 검사 결과가 왜 중요한가요?,1,1422
79,형사,,배임죄,배임죄 변호사 | 배임죄는 회사에 실제 손해가 없어도 성립할 수 있나요?,1,1431
78,형사,,횡령죄,횡령죄 변호사 | 회사 돈을 개인적으로 사용했다는 의심을 받으면 어떻게 대응해야 하나요?,0,1412
77,성범죄,,성범죄,성범죄변호사 | 성범죄 혐의를 받으면 피해자와 직접 연락해도 되나요?,1,1468
76,성범죄,,지하철성추행,지하철성추행 변호사 | 지하철성추행 혐의를 받으면 CCTV와 동선 확인이 왜 중요한가요?,1,1622
75,성범죄,,업무상위력추행,업무상위력추행 변호사 | 직장 내 추행 사건은 일반 강제추행과 어떤 점이 다르게 판단되나요?,1,1616
74,성범죄,,강간죄,강간죄 변호사 | 강간죄 혐의를 받으면 합의 여부가 처벌 수위에 영향을 주나요?,1,1628
73,학교폭력,,학교폭력기록삭제,학교폭력기록삭제 | 학교폭력 기록은 졸업 후에도 남을 수 있나요?,1,1454
72,학교폭력,,학폭위처분,학폭위처분 | 학폭위 처분이 과하다고 느껴지면 어떻게 불복해야 하나요?,1,1410
71,학교폭력,,학교폭력고소,학교폭력고소 | 학교폭력 사건도 학폭위와 별도로 형사고소가 가능한가요?,1,1527
70,형사,,음주운전,음주운전 변호사 | 음주운전 재범이면 벌금형보다 무거운 처벌을 받을 수 있나요?,1,1453
69,형사,,보이스피싱 수거책,보이스피싱 수거책 | 보이스피싱 수거책으로 연루되면 단순 아르바이트였다는 주장이 통할 수 있나요?,1,1506
68,형사,,사기 고소,사기 고소 변호사 | 사기 고소를 당했을 때 돈을 갚으면 사건이 끝날 수 있나요?,1,1586
67,성범죄,,아동청소년보호법,아동청소년보호법 변호사 | 미성년자 관련 성범죄 혐의를 받으면 처벌 수위가 왜 더 무거워지나요?,1,1595
66,성범죄,,통신매체이용음란,통신매체이용음란 변호사 | 온라인 메시지로 고소당하면 단순 욕설과 성범죄는 어떻게 구별되나요?,0,1684
65,성범죄,,준강제추행,준강제추행 변호사 | 술자리 이후 준강제추행으로 고소되면 어떤 부분을 확인해야 하나요?,1,1765
64,성범죄,,성추행,성추행 변호사 | 성추행 혐의를 받으면 초기 진술에서 무엇을 조심해야 하나요?,0,1896
63,형사,남양주,폭행죄,남양주 폭행죄 변호사 | 남양주 쪽 폭행죄 초범이면 합의 없이도 선처를 받을 수 있나요?,0,1500
62,성범죄,부천,카촬죄,부천 카촬죄 변호사 | 부천에서 카촬죄 혐의를 받으면 촬영 의도와 저장 여부가 처벌에 영향을 주나요?,0,1634
61,성범죄,청주,준강간,청주 준강간 변호사 | 청주쪽 준강간 혐의에서 술에 취한 상태였는지가 왜 중요한가요?,1,2456
60,성범죄,성남,강제추행,성남 강제추행 변호사 | 성남쪽에서 강제추행 혐의를 받으면 피해자 진술과 다른 부분을 어떻게 다퉈야 하나요?,1,2757
59,성범죄,창원,통매음,창원 통매음 변호사 |  창원 통매음 고소를 당하면 성적 목적이 없었다는 점을 어떻게 주장해야 하나요?,1,2770
58,형사,고양,보이스피싱,고양 보이스피싱 변호사 | 고양에서 보이스피싱 수거책으로 조사받으면 어떻게 대응해야 하나요?,1,1792
57,성범죄,수원,딥페이크,수원 딥페이크 변호사 | 수원에서 발생한 딥페이크 제작 의뢰도 처벌될 수 있나요?,1,2035
56,성범죄,울산,아청물소지,울산 아청물소지 변호사 | 울산에서 아청물소지 혐의를 받으면 어떻게 대응해야 하나요?,1,1918
55,성범죄,대전,아청법,대전 아청법 변호사 | 대전에서 발생한 아청법 위반 혐의는 성인 대상 성범죄보다 위험한가요?,1,1932
54,성범죄,광주,촬영물유포,광주 촬영물유포 변호사 | 불법촬영물을 유포하면 처벌이 더 무거워지나요?,1,1960
53,성범죄,대구,불법촬영,대구 불법촬영 변호사 | 대구에서 발생한 불법촬영 초범이면 기소유예가 가능한가요?,1,1996
52,성범죄,인천,몰카,인천 몰카 변호사 | 인천에서 몰카 혐의를 받으면 휴대폰을 제출해야 하나요?,1,2022
51,성범죄,부산,카메라등이용촬영죄,부산 카메라등이용촬영죄 변호사 | 부산에서 발생한 카메라등이용촬영죄는 어떤 경우 처벌되나요?,1,2262
50,형사,서울,불송치,서울 불송치 변호사 | 서울쪽에서 불송치 결정을 받으려면 어떻게 대응해야 하나요?,1,2772
49,형사,안양,기소유예,안양 기소유예 변호사 | 안양에서 기소유예를 받으려면 어떤 조건이 필요한가요?,1,2653
48,형사,안산,경찰 출석요구,안산 경찰 출석요구 변호사 | 안산 쪽에서 경찰 출석요구를 받으면 반드시 가야 하나요?,0,2458
47,형사,평택,경찰조사,평택 경찰조사 변호사 | 평택에서 경찰조사 어떻게 대응해야 하나요?,1,2429
46,형사,,폭행죄,폭행죄 변호사 | 폭행죄 초범이면 합의 없이도 선처를 받을 수 있나요?,0,1500
45,성범죄,,카촬죄,카촬죄 변호사 | 카촬죄 혐의를 받으면 촬영 의도와 저장 여부가 처벌에 영향을 주나요?,0,1634
44,성범죄,,준강간,준강간 변호사 | 준강간 혐의에서 술에 취한 상태였는지가 왜 중요한가요?,1,2456
43,성범죄,,강제추행,강제추행 변호사 | 강제추행 혐의를 받으면 피해자 진술과 다른 부분을 어떻게 다퉈야 하나요?,1,2757
42,성범죄,,통매음,통매음 변호사 |  통매음 고소를 당하면 성적 목적이 없었다는 점을 어떻게 주장해야 하나요?,1,2770
40,형사,,보이스피싱,보이스피싱 변호사 | 보이스피싱 수거책으로 조사받으면 어떻게 대응해야 하나요?,1,1792
39,성범죄,,딥페이크,딥페이크 변호사 | 딥페이크 제작 의뢰도 처벌될 수 있나요?,1,2035
38,성범죄,,아청물소지,아청물소지 변호사 | 아청물소지 혐의를 받으면 어떻게 대응해야 하나요?,1,1918
37,성범죄,,아청법,아청법 변호사 | 아청법 위반 혐의는 성인 대상 성범죄보다 위험한가요?,1,1932
36,성범죄,,촬영물유포,촬영물유포 변호사 | 불법촬영물을 유포하면 처벌이 더 무거워지나요?,1,1960
35,성범죄,,불법촬영,불법촬영 변호사 | 불법촬영 초범이면 기소유예가 가능한가요?,1,1996
34,성범죄,,몰카,몰카 변호사 | 몰카 혐의를 받으면 휴대폰을 제출해야 하나요?,1,2022
33,성범죄,,카메라등이용촬영죄,카메라등이용촬영죄 변호사 | 카메라등이용촬영죄는 어떤 경우 처벌되나요?,1,2262
32,형사,,불송치,불송치 변호사 | 불송치 결정을 받으려면 어떻게 대응해야 하나요?,1,2772
31,형사,,기소유예,기소유예 변호사 | 기소유예를 받으려면 어떤 조건이 필요한가요?,1,2653
30,형사,,경찰 출석요구,경찰 출석요구 변호사 | 경찰 출석요구를 받으면 반드시 가야 하나요?,0,2458
29,형사,,경찰조사,경찰조사 변호사 | 경찰조사 어떻게 대응해야 하나요?,1,2429
